,precision,recall,f1-score,support
0,0.8945454545454545,0.9647058823529412,0.9283018867924527,255.0
1,0.5263157894736842,0.2564102564102564,0.3448275862068965,39.0
accuracy,0.8707482993197279,0.8707482993197279,0.8707482993197279,0.8707482993197279
macro avg,0.7104306220095693,0.6105580693815988,0.6365647364996746,294.0
weighted avg,0.8456986622400156,0.8707482993197279,0.8509022346739606,294.0
